url,title,author,date_text,engagement_text,raw_text,type,image_url
,塔州鳟鱼一镜到底,Randolph舒,2025-08-01,,"塔州鳟鱼一镜到底
Randolph舒
2025-08-01",xiaohongshu_search,
,Devonport上不了鱿鱼,浩浩不煮饭,2025-10-30,,"Devonport上不了鱿鱼
浩浩不煮饭
2025-10-30",xiaohongshu_search,
,这条河里全都是巨大的条纹鲈鱼！ 赞,老虎不吃饭饭,03-28,,"这条河里全都是巨大的条纹鲈鱼！ 赞
老虎不吃饭饭
03-28",xiaohongshu_search,
,澳洲的河鳗鱼eel是不是有点泛滥-.-,弗林的Flynn,2024-09-02,,"澳洲的河鳗鱼eel是不是有点泛滥-.-
弗林的Flynn
2024-09-02",xiaohongshu_search,
,狩猎怪鱼（3）钓鱼佬的梦想鱼泛滥了？,小兔钓鱼的胡萝卜,02-15,,"狩猎怪鱼（3）钓鱼佬的梦想鱼泛滥了？
小兔钓鱼的胡萝卜
02-15",xiaohongshu_search,
,大tailor来了,Big山,03-29,,"大tailor来了
Big山
03-29",xiaohongshu_search,
,跟英国本地人去河里面钓鱼？！,英区路亚阿泰（导钓版）,2024-11-13,,"跟英国本地人去河里面钓鱼？！
英区路亚阿泰（导钓版）
2024-11-13",xiaohongshu_search,
,Maribyrnong河里没有别的鱼,小狗卷,04-01,,"Maribyrnong河里没有别的鱼
小狗卷
04-01",xiaohongshu_search,
,钓Bream的一点心得,尚杉達也,2025-06-07,,"钓Bream的一点心得
尚杉達也
2025-06-07",xiaohongshu_search,
,新钓点来啦。2小时战果背不动的节奏🐟🎣,Dora,01-25,,"新钓点来啦。2小时战果背不动的节奏🐟🎣
Dora
01-25",xiaohongshu_search,
,超300次出钓总结的干货,Sinker Man✨,01-15,,"超300次出钓总结的干货
Sinker Man✨
01-15",xiaohongshu_search,
,便宜装备直拉king,McDonald's,2025-08-29,,"便宜装备直拉king
McDonald's
2025-08-29",xiaohongshu_search,
,澳洲矶钓 线组变换 干货分享,海边老威,2024-05-26,,"澳洲矶钓 线组变换 干货分享
海边老威
2024-05-26",xiaohongshu_search,
,墨尔本河口鲈钓点钓法,挨润FENG,2024-03-18,,"墨尔本河口鲈钓点钓法
挨润FENG
2024-03-18",xiaohongshu_search,
